{
 "sections": [
  {
   "id": "c781b1e9-af7b-3050-3406-1cbb501af179",
   "title": "Page 1",
   "files": [],
   "path": [],
   "type": "markdown",
   "content-file": ".guides/content/Page-1-c781.md",
   "chapter": false,
   "reset": [],
   "teacherOnly": false,
   "learningObjectives": ""
  },
  {
   "id": "8eb8355b-2457-b447-6b0d-cca5ac18fcd6",
   "title": "Page 2",
   "files": [],
   "path": [],
   "type": "markdown",
   "content-file": ".guides/content/Page-2-8eb8.md",
   "chapter": false,
   "reset": [],
   "teacherOnly": false,
   "learningObjectives": ""
  }
 ],
 "theme": "light",
 "scripts": [],
 "lexikonTopic": "",
 "useSubmitButtons": true,
 "useMarkAsComplete": true
}